Measure,Component,CodeSystem,Code,Grouping_ID,Diag_Type
diabetes_oral_eval,denom_one_visit,CPT,99221,,
diabetes_oral_eval,denom_one_visit,CPT,99222,,
diabetes_oral_eval,denom_one_visit,CPT,99223,,
diabetes_oral_eval,denom_one_visit,CPT,99231,,
diabetes_oral_eval,denom_one_visit,CPT,99232,,
diabetes_oral_eval,denom_one_visit,CPT,99233,,
diabetes_oral_eval,denom_one_visit,CPT,99238,,
diabetes_oral_eval,denom_one_visit,CPT,99239,,
diabetes_oral_eval,denom_one_visit,CPT,99251,,
diabetes_oral_eval,denom_one_visit,CPT,99252,,
diabetes_oral_eval,denom_one_visit,CPT,99253,,
diabetes_oral_eval,denom_one_visit,CPT,99254,,
diabetes_oral_eval,denom_one_visit,CPT,99255,,
diabetes_oral_eval,denom_one_visit,CPT,99291,,
diabetes_oral_eval,denom_one_visit,UBREV,0100,,
diabetes_oral_eval,denom_one_visit,UBREV,0101,,
diabetes_oral_eval,denom_one_visit,UBREV,0110,,
diabetes_oral_eval,denom_one_visit,UBREV,0111,,
diabetes_oral_eval,denom_one_visit,UBREV,0112,,
diabetes_oral_eval,denom_one_visit,UBREV,0113,,
diabetes_oral_eval,denom_one_visit,UBREV,0114,,
diabetes_oral_eval,denom_one_visit,UBREV,0119,,
diabetes_oral_eval,denom_one_visit,UBREV,0120,,
diabetes_oral_eval,denom_one_visit,UBREV,0121,,
diabetes_oral_eval,denom_one_visit,UBREV,0122,,
diabetes_oral_eval,denom_one_visit,UBREV,0123,,
diabetes_oral_eval,denom_one_visit,UBREV,0124,,
diabetes_oral_eval,denom_one_visit,UBREV,0129,,
diabetes_oral_eval,denom_one_visit,UBREV,0130,,
diabetes_oral_eval,denom_one_visit,UBREV,0131,,
diabetes_oral_eval,denom_one_visit,UBREV,0132,,
diabetes_oral_eval,denom_one_visit,UBREV,0133,,
diabetes_oral_eval,denom_one_visit,UBREV,0134,,
diabetes_oral_eval,denom_one_visit,UBREV,0139,,
diabetes_oral_eval,denom_one_visit,UBREV,0140,,
diabetes_oral_eval,denom_one_visit,UBREV,0141,,
diabetes_oral_eval,denom_one_visit,UBREV,0142,,
diabetes_oral_eval,denom_one_visit,UBREV,0143,,
diabetes_oral_eval,denom_one_visit,UBREV,0144,,
diabetes_oral_eval,denom_one_visit,UBREV,0149,,
diabetes_oral_eval,denom_one_visit,UBREV,0150,,
diabetes_oral_eval,denom_one_visit,UBREV,0151,,
diabetes_oral_eval,denom_one_visit,UBREV,0152,,
diabetes_oral_eval,denom_one_visit,UBREV,0153,,
diabetes_oral_eval,denom_one_visit,UBREV,0154,,
diabetes_oral_eval,denom_one_visit,UBREV,0159,,
diabetes_oral_eval,denom_one_visit,UBREV,0160,,
diabetes_oral_eval,denom_one_visit,UBREV,0164,,
diabetes_oral_eval,denom_one_visit,UBREV,0167,,
diabetes_oral_eval,denom_one_visit,UBREV,0169,,
diabetes_oral_eval,denom_one_visit,UBREV,0200,,
diabetes_oral_eval,denom_one_visit,UBREV,0201,,
diabetes_oral_eval,denom_one_visit,UBREV,0202,,
diabetes_oral_eval,denom_one_visit,UBREV,0203,,
diabetes_oral_eval,denom_one_visit,UBREV,0204,,
diabetes_oral_eval,denom_one_visit,UBREV,0206,,
diabetes_oral_eval,denom_one_visit,UBREV,0207,,
diabetes_oral_eval,denom_one_visit,UBREV,0208,,
diabetes_oral_eval,denom_one_visit,UBREV,0209,,
diabetes_oral_eval,denom_one_visit,UBREV,0210,,
diabetes_oral_eval,denom_one_visit,UBREV,0211,,
diabetes_oral_eval,denom_one_visit,UBREV,0212,,
diabetes_oral_eval,denom_one_visit,UBREV,0213,,
diabetes_oral_eval,denom_one_visit,UBREV,0214,,
diabetes_oral_eval,denom_one_visit,UBREV,0219,,
diabetes_oral_eval,denom_one_visit,UBREV,0720,,
diabetes_oral_eval,denom_one_visit,UBREV,0721,,
diabetes_oral_eval,denom_one_visit,UBREV,0722,,
diabetes_oral_eval,denom_one_visit,UBREV,0723,,
diabetes_oral_eval,denom_one_visit,UBREV,0724,,
diabetes_oral_eval,denom_one_visit,UBREV,0729,,
diabetes_oral_eval,denom_one_visit,UBREV,0987,,
diabetes_oral_eval,denom_diabetes,ICD10CM-Diag,E1010,,
diabetes_oral_eval,denom_diabetes,ICD10CM-Diag,E1011,,
diabetes_oral_eval,denom_diabetes,ICD10CM-Diag,E1021,,
diabetes_oral_eval,denom_diabetes,ICD10CM-Diag,E1022,,
diabetes_oral_eval,denom_diabetes,ICD10CM-Diag,E1029,,
diabetes_oral_eval,denom_diabetes,ICD10CM-Diag,E10311,,
diabetes_oral_eval,denom_diabetes,ICD10CM-Diag,E10319,,
diabetes_oral_eval,denom_diabetes,ICD10CM-Diag,E10321,,
diabetes_oral_eval,denom_diabetes,ICD10CM-Diag,E103211,,
diabetes_oral_eval,denom_diabetes,ICD10CM-Diag,E103212,,
diabetes_oral_eval,denom_diabetes,ICD10CM-Diag,E103213,,
diabetes_oral_eval,denom_diabetes,ICD10CM-Diag,E103219,,
diabetes_oral_eval,denom_diabetes,ICD10CM-Diag,E10329,,
diabetes_oral_eval,denom_diabetes,ICD10CM-Diag,E103291,,
diabetes_oral_eval,denom_diabetes,ICD10CM-Diag,E103292,,
diabetes_oral_eval,denom_diabetes,ICD10CM-Diag,E103293,,
diabetes_oral_eval,denom_diabetes,ICD10CM-Diag,E103299,,
diabetes_oral_eval,denom_diabetes,ICD10CM-Diag,E10331,,
diabetes_oral_eval,denom_diabetes,ICD10CM-Diag,E103311,,
diabetes_oral_eval,denom_diabetes,ICD10CM-Diag,E103312,,
diabetes_oral_eval,denom_diabetes,ICD10CM-Diag,E103313,,
diabetes_oral_eval,denom_diabetes,ICD10CM-Diag,E103319,,
diabetes_oral_eval,denom_diabetes,ICD10CM-Diag,E10339,,
diabetes_oral_eval,denom_diabetes,ICD10CM-Diag,E103391,,
diabetes_oral_eval,denom_diabetes,ICD10CM-Diag,E103392,,
diabetes_oral_eval,denom_diabetes,ICD10CM-Diag,E103393,,
diabetes_oral_eval,denom_diabetes,ICD10CM-Diag,E103399,,
diabetes_oral_eval,denom_diabetes,ICD10CM-Diag,E10341,,
diabetes_oral_eval,denom_diabetes,ICD10CM-Diag,E103411,,
diabetes_oral_eval,denom_diabetes,ICD10CM-Diag,E103412,,
diabetes_oral_eval,denom_diabetes,ICD10CM-Diag,E103413,,
diabetes_oral_eval,denom_diabetes,ICD10CM-Diag,E103419,,
diabetes_oral_eval,denom_diabetes,ICD10CM-Diag,E10349,,
diabetes_oral_eval,denom_diabetes,ICD10CM-Diag,E103491,,
diabetes_oral_eval,denom_diabetes,ICD10CM-Diag,E103492,,
diabetes_oral_eval,denom_diabetes,ICD10CM-Diag,E103493,,
diabetes_oral_eval,denom_diabetes,ICD10CM-Diag,E103499,,
diabetes_oral_eval,denom_diabetes,ICD10CM-Diag,E10351,,
diabetes_oral_eval,denom_diabetes,ICD10CM-Diag,E103511,,
diabetes_oral_eval,denom_diabetes,ICD10CM-Diag,E103512,,
diabetes_oral_eval,denom_diabetes,ICD10CM-Diag,E103513,,
diabetes_oral_eval,denom_diabetes,ICD10CM-Diag,E103519,,
diabetes_oral_eval,denom_diabetes,ICD10CM-Diag,E103521,,
diabetes_oral_eval,denom_diabetes,ICD10CM-Diag,E103522,,
diabetes_oral_eval,denom_diabetes,ICD10CM-Diag,E103523,,
diabetes_oral_eval,denom_diabetes,ICD10CM-Diag,E103529,,
diabetes_oral_eval,denom_diabetes,ICD10CM-Diag,E103531,,
diabetes_oral_eval,denom_diabetes,ICD10CM-Diag,E103532,,
diabetes_oral_eval,denom_diabetes,ICD10CM-Diag,E103533,,
diabetes_oral_eval,denom_diabetes,ICD10CM-Diag,E103539,,
diabetes_oral_eval,denom_diabetes,ICD10CM-Diag,E103541,,
diabetes_oral_eval,denom_diabetes,ICD10CM-Diag,E103542,,
diabetes_oral_eval,denom_diabetes,ICD10CM-Diag,E103543,,
diabetes_oral_eval,denom_diabetes,ICD10CM-Diag,E103549,,
diabetes_oral_eval,denom_diabetes,ICD10CM-Diag,E103551,,
diabetes_oral_eval,denom_diabetes,ICD10CM-Diag,E103552,,
diabetes_oral_eval,denom_diabetes,ICD10CM-Diag,E103553,,
diabetes_oral_eval,denom_diabetes,ICD10CM-Diag,E103559,,
diabetes_oral_eval,denom_diabetes,ICD10CM-Diag,E10359,,
diabetes_oral_eval,denom_diabetes,ICD10CM-Diag,E103591,,
diabetes_oral_eval,denom_diabetes,ICD10CM-Diag,E103592,,
diabetes_oral_eval,denom_diabetes,ICD10CM-Diag,E103593,,
diabetes_oral_eval,denom_diabetes,ICD10CM-Diag,E103599,,
diabetes_oral_eval,denom_diabetes,ICD10CM-Diag,E1036,,
diabetes_oral_eval,denom_diabetes,ICD10CM-Diag,E1037X1,,
diabetes_oral_eval,denom_diabetes,ICD10CM-Diag,E1037X2,,
diabetes_oral_eval,denom_diabetes,ICD10CM-Diag,E1037X3,,
diabetes_oral_eval,denom_diabetes,ICD10CM-Diag,E1037X9,,
diabetes_oral_eval,denom_diabetes,ICD10CM-Diag,E1039,,
diabetes_oral_eval,denom_diabetes,ICD10CM-Diag,E1040,,
diabetes_oral_eval,denom_diabetes,ICD10CM-Diag,E1041,,
diabetes_oral_eval,denom_diabetes,ICD10CM-Diag,E1042,,
diabetes_oral_eval,denom_diabetes,ICD10CM-Diag,E1043,,
diabetes_oral_eval,denom_diabetes,ICD10CM-Diag,E1044,,
diabetes_oral_eval,denom_diabetes,ICD10CM-Diag,E1049,,
diabetes_oral_eval,denom_diabetes,ICD10CM-Diag,E1051,,
diabetes_oral_eval,denom_diabetes,ICD10CM-Diag,E1052,,
diabetes_oral_eval,denom_diabetes,ICD10CM-Diag,E1059,,
diabetes_oral_eval,denom_diabetes,ICD10CM-Diag,E10610,,
diabetes_oral_eval,denom_diabetes,ICD10CM-Diag,E10618,,
diabetes_oral_eval,denom_diabetes,ICD10CM-Diag,E10620,,
diabetes_oral_eval,denom_diabetes,ICD10CM-Diag,E10621,,
diabetes_oral_eval,denom_diabetes,ICD10CM-Diag,E10622,,
diabetes_oral_eval,denom_diabetes,ICD10CM-Diag,E10628,,
diabetes_oral_eval,denom_diabetes,ICD10CM-Diag,E10630,,
diabetes_oral_eval,denom_diabetes,ICD10CM-Diag,E10638,,
diabetes_oral_eval,denom_diabetes,ICD10CM-Diag,E10641,,
diabetes_oral_eval,denom_diabetes,ICD10CM-Diag,E10649,,
diabetes_oral_eval,denom_diabetes,ICD10CM-Diag,E1065,,
diabetes_oral_eval,denom_diabetes,ICD10CM-Diag,E1069,,
diabetes_oral_eval,denom_diabetes,ICD10CM-Diag,E108,,
diabetes_oral_eval,denom_diabetes,ICD10CM-Diag,E109,,
diabetes_oral_eval,denom_diabetes,ICD10CM-Diag,E1100,,
diabetes_oral_eval,denom_diabetes,ICD10CM-Diag,E1101,,
diabetes_oral_eval,denom_diabetes,ICD10CM-Diag,E1110,,
diabetes_oral_eval,denom_diabetes,ICD10CM-Diag,E1111,,
diabetes_oral_eval,denom_diabetes,ICD10CM-Diag,E1121,,
diabetes_oral_eval,denom_diabetes,ICD10CM-Diag,E1122,,
diabetes_oral_eval,denom_diabetes,ICD10CM-Diag,E1129,,
diabetes_oral_eval,denom_diabetes,ICD10CM-Diag,E11311,,
diabetes_oral_eval,denom_diabetes,ICD10CM-Diag,E11319,,
diabetes_oral_eval,denom_diabetes,ICD10CM-Diag,E11321,,
diabetes_oral_eval,denom_diabetes,ICD10CM-Diag,E113211,,
diabetes_oral_eval,denom_diabetes,ICD10CM-Diag,E113212,,
diabetes_oral_eval,denom_diabetes,ICD10CM-Diag,E113213,,
diabetes_oral_eval,denom_diabetes,ICD10CM-Diag,E113219,,
diabetes_oral_eval,denom_diabetes,ICD10CM-Diag,E11329,,
diabetes_oral_eval,denom_diabetes,ICD10CM-Diag,E113291,,
diabetes_oral_eval,denom_diabetes,ICD10CM-Diag,E113292,,
diabetes_oral_eval,denom_diabetes,ICD10CM-Diag,E113293,,
diabetes_oral_eval,denom_diabetes,ICD10CM-Diag,E113299,,
diabetes_oral_eval,denom_diabetes,ICD10CM-Diag,E11331,,
diabetes_oral_eval,denom_diabetes,ICD10CM-Diag,E113311,,
diabetes_oral_eval,denom_diabetes,ICD10CM-Diag,E113312,,
diabetes_oral_eval,denom_diabetes,ICD10CM-Diag,E113313,,
diabetes_oral_eval,denom_diabetes,ICD10CM-Diag,E113319,,
diabetes_oral_eval,denom_diabetes,ICD10CM-Diag,E11339,,
diabetes_oral_eval,denom_diabetes,ICD10CM-Diag,E113391,,
diabetes_oral_eval,denom_diabetes,ICD10CM-Diag,E113392,,
diabetes_oral_eval,denom_diabetes,ICD10CM-Diag,E113393,,
diabetes_oral_eval,denom_diabetes,ICD10CM-Diag,E113399,,
diabetes_oral_eval,denom_diabetes,ICD10CM-Diag,E11341,,
diabetes_oral_eval,denom_diabetes,ICD10CM-Diag,E113411,,
diabetes_oral_eval,denom_diabetes,ICD10CM-Diag,E113412,,
diabetes_oral_eval,denom_diabetes,ICD10CM-Diag,E113413,,
diabetes_oral_eval,denom_diabetes,ICD10CM-Diag,E113419,,
diabetes_oral_eval,denom_diabetes,ICD10CM-Diag,E11349,,
diabetes_oral_eval,denom_diabetes,ICD10CM-Diag,E113491,,
diabetes_oral_eval,denom_diabetes,ICD10CM-Diag,E113492,,
diabetes_oral_eval,denom_diabetes,ICD10CM-Diag,E113493,,
diabetes_oral_eval,denom_diabetes,ICD10CM-Diag,E113499,,
diabetes_oral_eval,denom_diabetes,ICD10CM-Diag,E11351,,
diabetes_oral_eval,denom_diabetes,ICD10CM-Diag,E113511,,
diabetes_oral_eval,denom_diabetes,ICD10CM-Diag,E113512,,
diabetes_oral_eval,denom_diabetes,ICD10CM-Diag,E113513,,
diabetes_oral_eval,denom_diabetes,ICD10CM-Diag,E113519,,
diabetes_oral_eval,denom_diabetes,ICD10CM-Diag,E113521,,
diabetes_oral_eval,denom_diabetes,ICD10CM-Diag,E113522,,
diabetes_oral_eval,denom_diabetes,ICD10CM-Diag,E113523,,
diabetes_oral_eval,denom_diabetes,ICD10CM-Diag,E113529,,
diabetes_oral_eval,denom_diabetes,ICD10CM-Diag,E113531,,
diabetes_oral_eval,denom_diabetes,ICD10CM-Diag,E113532,,
diabetes_oral_eval,denom_diabetes,ICD10CM-Diag,E113533,,
diabetes_oral_eval,denom_diabetes,ICD10CM-Diag,E113539,,
diabetes_oral_eval,denom_diabetes,ICD10CM-Diag,E113541,,
diabetes_oral_eval,denom_diabetes,ICD10CM-Diag,E113542,,
diabetes_oral_eval,denom_diabetes,ICD10CM-Diag,E113543,,
diabetes_oral_eval,denom_diabetes,ICD10CM-Diag,E113549,,
diabetes_oral_eval,denom_diabetes,ICD10CM-Diag,E113551,,
diabetes_oral_eval,denom_diabetes,ICD10CM-Diag,E113552,,
diabetes_oral_eval,denom_diabetes,ICD10CM-Diag,E113553,,
diabetes_oral_eval,denom_diabetes,ICD10CM-Diag,E113559,,
diabetes_oral_eval,denom_diabetes,ICD10CM-Diag,E11359,,
diabetes_oral_eval,denom_diabetes,ICD10CM-Diag,E113591,,
diabetes_oral_eval,denom_diabetes,ICD10CM-Diag,E113592,,
diabetes_oral_eval,denom_diabetes,ICD10CM-Diag,E113593,,
diabetes_oral_eval,denom_diabetes,ICD10CM-Diag,E113599,,
diabetes_oral_eval,denom_diabetes,ICD10CM-Diag,E1136,,
diabetes_oral_eval,denom_diabetes,ICD10CM-Diag,E1137X1,,
diabetes_oral_eval,denom_diabetes,ICD10CM-Diag,E1137X2,,
diabetes_oral_eval,denom_diabetes,ICD10CM-Diag,E1137X3,,
diabetes_oral_eval,denom_diabetes,ICD10CM-Diag,E1137X9,,
diabetes_oral_eval,denom_diabetes,ICD10CM-Diag,E1139,,
diabetes_oral_eval,denom_diabetes,ICD10CM-Diag,E1140,,
diabetes_oral_eval,denom_diabetes,ICD10CM-Diag,E1141,,
diabetes_oral_eval,denom_diabetes,ICD10CM-Diag,E1142,,
diabetes_oral_eval,denom_diabetes,ICD10CM-Diag,E1143,,
diabetes_oral_eval,denom_diabetes,ICD10CM-Diag,E1144,,
diabetes_oral_eval,denom_diabetes,ICD10CM-Diag,E1149,,
diabetes_oral_eval,denom_diabetes,ICD10CM-Diag,E1151,,
diabetes_oral_eval,denom_diabetes,ICD10CM-Diag,E1152,,
diabetes_oral_eval,denom_diabetes,ICD10CM-Diag,E1159,,
diabetes_oral_eval,denom_diabetes,ICD10CM-Diag,E11610,,
diabetes_oral_eval,denom_diabetes,ICD10CM-Diag,E11618,,
diabetes_oral_eval,denom_diabetes,ICD10CM-Diag,E11620,,
diabetes_oral_eval,denom_diabetes,ICD10CM-Diag,E11621,,
diabetes_oral_eval,denom_diabetes,ICD10CM-Diag,E11622,,
diabetes_oral_eval,denom_diabetes,ICD10CM-Diag,E11628,,
diabetes_oral_eval,denom_diabetes,ICD10CM-Diag,E11630,,
diabetes_oral_eval,denom_diabetes,ICD10CM-Diag,E11638,,
diabetes_oral_eval,denom_diabetes,ICD10CM-Diag,E11641,,
diabetes_oral_eval,denom_diabetes,ICD10CM-Diag,E11649,,
diabetes_oral_eval,denom_diabetes,ICD10CM-Diag,E1165,,
diabetes_oral_eval,denom_diabetes,ICD10CM-Diag,E1169,,
diabetes_oral_eval,denom_diabetes,ICD10CM-Diag,E118,,
diabetes_oral_eval,denom_diabetes,ICD10CM-Diag,E119,,
diabetes_oral_eval,denom_diabetes,ICD10CM-Diag,E1300,,
diabetes_oral_eval,denom_diabetes,ICD10CM-Diag,E1301,,
diabetes_oral_eval,denom_diabetes,ICD10CM-Diag,E1310,,
diabetes_oral_eval,denom_diabetes,ICD10CM-Diag,E1311,,
diabetes_oral_eval,denom_diabetes,ICD10CM-Diag,E1321,,
diabetes_oral_eval,denom_diabetes,ICD10CM-Diag,E1322,,
diabetes_oral_eval,denom_diabetes,ICD10CM-Diag,E1329,,
diabetes_oral_eval,denom_diabetes,ICD10CM-Diag,E13311,,
diabetes_oral_eval,denom_diabetes,ICD10CM-Diag,E13319,,
diabetes_oral_eval,denom_diabetes,ICD10CM-Diag,E13321,,
diabetes_oral_eval,denom_diabetes,ICD10CM-Diag,E133211,,
diabetes_oral_eval,denom_diabetes,ICD10CM-Diag,E133212,,
diabetes_oral_eval,denom_diabetes,ICD10CM-Diag,E133213,,
diabetes_oral_eval,denom_diabetes,ICD10CM-Diag,E133219,,
diabetes_oral_eval,denom_diabetes,ICD10CM-Diag,E13329,,
diabetes_oral_eval,denom_diabetes,ICD10CM-Diag,E133291,,
diabetes_oral_eval,denom_diabetes,ICD10CM-Diag,E133292,,
diabetes_oral_eval,denom_diabetes,ICD10CM-Diag,E133293,,
diabetes_oral_eval,denom_diabetes,ICD10CM-Diag,E133299,,
diabetes_oral_eval,denom_diabetes,ICD10CM-Diag,E13331,,
diabetes_oral_eval,denom_diabetes,ICD10CM-Diag,E133311,,
diabetes_oral_eval,denom_diabetes,ICD10CM-Diag,E133312,,
diabetes_oral_eval,denom_diabetes,ICD10CM-Diag,E133313,,
diabetes_oral_eval,denom_diabetes,ICD10CM-Diag,E133319,,
diabetes_oral_eval,denom_diabetes,ICD10CM-Diag,E13339,,
diabetes_oral_eval,denom_diabetes,ICD10CM-Diag,E133391,,
diabetes_oral_eval,denom_diabetes,ICD10CM-Diag,E133392,,
diabetes_oral_eval,denom_diabetes,ICD10CM-Diag,E133393,,
diabetes_oral_eval,denom_diabetes,ICD10CM-Diag,E133399,,
diabetes_oral_eval,denom_diabetes,ICD10CM-Diag,E13341,,
diabetes_oral_eval,denom_diabetes,ICD10CM-Diag,E133411,,
diabetes_oral_eval,denom_diabetes,ICD10CM-Diag,E133412,,
diabetes_oral_eval,denom_diabetes,ICD10CM-Diag,E133413,,
diabetes_oral_eval,denom_diabetes,ICD10CM-Diag,E133419,,
diabetes_oral_eval,denom_diabetes,ICD10CM-Diag,E13349,,
diabetes_oral_eval,denom_diabetes,ICD10CM-Diag,E133491,,
diabetes_oral_eval,denom_diabetes,ICD10CM-Diag,E133492,,
diabetes_oral_eval,denom_diabetes,ICD10CM-Diag,E133493,,
diabetes_oral_eval,denom_diabetes,ICD10CM-Diag,E133499,,
diabetes_oral_eval,denom_diabetes,ICD10CM-Diag,E13351,,
diabetes_oral_eval,denom_diabetes,ICD10CM-Diag,E133511,,
diabetes_oral_eval,denom_diabetes,ICD10CM-Diag,E133512,,
diabetes_oral_eval,denom_diabetes,ICD10CM-Diag,E133513,,
diabetes_oral_eval,denom_diabetes,ICD10CM-Diag,E133519,,
diabetes_oral_eval,denom_diabetes,ICD10CM-Diag,E133521,,
diabetes_oral_eval,denom_diabetes,ICD10CM-Diag,E133522,,
diabetes_oral_eval,denom_diabetes,ICD10CM-Diag,E133523,,
diabetes_oral_eval,denom_diabetes,ICD10CM-Diag,E133529,,
diabetes_oral_eval,denom_diabetes,ICD10CM-Diag,E133531,,
diabetes_oral_eval,denom_diabetes,ICD10CM-Diag,E133532,,
diabetes_oral_eval,denom_diabetes,ICD10CM-Diag,E133533,,
diabetes_oral_eval,denom_diabetes,ICD10CM-Diag,E133539,,
diabetes_oral_eval,denom_diabetes,ICD10CM-Diag,E133541,,
diabetes_oral_eval,denom_diabetes,ICD10CM-Diag,E133542,,
diabetes_oral_eval,denom_diabetes,ICD10CM-Diag,E133543,,
diabetes_oral_eval,denom_diabetes,ICD10CM-Diag,E133549,,
diabetes_oral_eval,denom_diabetes,ICD10CM-Diag,E133551,,
diabetes_oral_eval,denom_diabetes,ICD10CM-Diag,E133552,,
diabetes_oral_eval,denom_diabetes,ICD10CM-Diag,E133553,,
diabetes_oral_eval,denom_diabetes,ICD10CM-Diag,E133559,,
diabetes_oral_eval,denom_diabetes,ICD10CM-Diag,E13359,,
diabetes_oral_eval,denom_diabetes,ICD10CM-Diag,E133591,,
diabetes_oral_eval,denom_diabetes,ICD10CM-Diag,E133592,,
diabetes_oral_eval,denom_diabetes,ICD10CM-Diag,E133593,,
diabetes_oral_eval,denom_diabetes,ICD10CM-Diag,E133599,,
diabetes_oral_eval,denom_diabetes,ICD10CM-Diag,E1336,,
diabetes_oral_eval,denom_diabetes,ICD10CM-Diag,E1337X1,,
diabetes_oral_eval,denom_diabetes,ICD10CM-Diag,E1337X2,,
diabetes_oral_eval,denom_diabetes,ICD10CM-Diag,E1337X3,,
diabetes_oral_eval,denom_diabetes,ICD10CM-Diag,E1337X9,,
diabetes_oral_eval,denom_diabetes,ICD10CM-Diag,E1339,,
diabetes_oral_eval,denom_diabetes,ICD10CM-Diag,E1340,,
diabetes_oral_eval,denom_diabetes,ICD10CM-Diag,E1341,,
diabetes_oral_eval,denom_diabetes,ICD10CM-Diag,E1342,,
diabetes_oral_eval,denom_diabetes,ICD10CM-Diag,E1343,,
diabetes_oral_eval,denom_diabetes,ICD10CM-Diag,E1344,,
diabetes_oral_eval,denom_diabetes,ICD10CM-Diag,E1349,,
diabetes_oral_eval,denom_diabetes,ICD10CM-Diag,E1351,,
diabetes_oral_eval,denom_diabetes,ICD10CM-Diag,E1352,,
diabetes_oral_eval,denom_diabetes,ICD10CM-Diag,E1359,,
diabetes_oral_eval,denom_diabetes,ICD10CM-Diag,E13610,,
diabetes_oral_eval,denom_diabetes,ICD10CM-Diag,E13618,,
diabetes_oral_eval,denom_diabetes,ICD10CM-Diag,E13620,,
diabetes_oral_eval,denom_diabetes,ICD10CM-Diag,E13621,,
diabetes_oral_eval,denom_diabetes,ICD10CM-Diag,E13622,,
diabetes_oral_eval,denom_diabetes,ICD10CM-Diag,E13628,,
diabetes_oral_eval,denom_diabetes,ICD10CM-Diag,E13630,,
diabetes_oral_eval,denom_diabetes,ICD10CM-Diag,E13638,,
diabetes_oral_eval,denom_diabetes,ICD10CM-Diag,E13641,,
diabetes_oral_eval,denom_diabetes,ICD10CM-Diag,E13649,,
diabetes_oral_eval,denom_diabetes,ICD10CM-Diag,E1365,,
diabetes_oral_eval,denom_diabetes,ICD10CM-Diag,E1369,,
diabetes_oral_eval,denom_diabetes,ICD10CM-Diag,E138,,
diabetes_oral_eval,denom_diabetes,ICD10CM-Diag,E139,,
diabetes_oral_eval,denom_diabetes,ICD10CM-Diag,O24011,,
diabetes_oral_eval,denom_diabetes,ICD10CM-Diag,O24012,,
diabetes_oral_eval,denom_diabetes,ICD10CM-Diag,O24013,,
diabetes_oral_eval,denom_diabetes,ICD10CM-Diag,O24019,,
diabetes_oral_eval,denom_diabetes,ICD10CM-Diag,O2402,,
diabetes_oral_eval,denom_diabetes,ICD10CM-Diag,O2403,,
diabetes_oral_eval,denom_diabetes,ICD10CM-Diag,O24111,,
diabetes_oral_eval,denom_diabetes,ICD10CM-Diag,O24112,,
diabetes_oral_eval,denom_diabetes,ICD10CM-Diag,O24113,,
diabetes_oral_eval,denom_diabetes,ICD10CM-Diag,O24119,,
diabetes_oral_eval,denom_diabetes,ICD10CM-Diag,O2412,,
diabetes_oral_eval,denom_diabetes,ICD10CM-Diag,O2413,,
diabetes_oral_eval,denom_diabetes,ICD10CM-Diag,O24311,,
diabetes_oral_eval,denom_diabetes,ICD10CM-Diag,O24312,,
diabetes_oral_eval,denom_diabetes,ICD10CM-Diag,O24313,,
diabetes_oral_eval,denom_diabetes,ICD10CM-Diag,O24319,,
diabetes_oral_eval,denom_diabetes,ICD10CM-Diag,O2432,,
diabetes_oral_eval,denom_diabetes,ICD10CM-Diag,O2433,,
diabetes_oral_eval,denom_diabetes,ICD10CM-Diag,O24811,,
diabetes_oral_eval,denom_diabetes,ICD10CM-Diag,O24812,,
diabetes_oral_eval,denom_diabetes,ICD10CM-Diag,O24813,,
diabetes_oral_eval,denom_diabetes,ICD10CM-Diag,O24819,,
diabetes_oral_eval,denom_diabetes,ICD10CM-Diag,O2482,,
diabetes_oral_eval,denom_diabetes,ICD10CM-Diag,O2483,,
diabetes_oral_eval,denom_excl_temp,ICD10CM-Diag,E0800,,
diabetes_oral_eval,denom_excl_temp,ICD10CM-Diag,E0801,,
diabetes_oral_eval,denom_excl_temp,ICD10CM-Diag,E0810,,
diabetes_oral_eval,denom_excl_temp,ICD10CM-Diag,E0811,,
diabetes_oral_eval,denom_excl_temp,ICD10CM-Diag,E0821,,
diabetes_oral_eval,denom_excl_temp,ICD10CM-Diag,E0822,,
diabetes_oral_eval,denom_excl_temp,ICD10CM-Diag,E0829,,
diabetes_oral_eval,denom_excl_temp,ICD10CM-Diag,E08311,,
diabetes_oral_eval,denom_excl_temp,ICD10CM-Diag,E08319,,
diabetes_oral_eval,denom_excl_temp,ICD10CM-Diag,E08321,,
diabetes_oral_eval,denom_excl_temp,ICD10CM-Diag,E083211,,
diabetes_oral_eval,denom_excl_temp,ICD10CM-Diag,E083212,,
diabetes_oral_eval,denom_excl_temp,ICD10CM-Diag,E083213,,
diabetes_oral_eval,denom_excl_temp,ICD10CM-Diag,E083219,,
diabetes_oral_eval,denom_excl_temp,ICD10CM-Diag,E08329,,
diabetes_oral_eval,denom_excl_temp,ICD10CM-Diag,E083291,,
diabetes_oral_eval,denom_excl_temp,ICD10CM-Diag,E083292,,
diabetes_oral_eval,denom_excl_temp,ICD10CM-Diag,E083293,,
diabetes_oral_eval,denom_excl_temp,ICD10CM-Diag,E083299,,
diabetes_oral_eval,denom_excl_temp,ICD10CM-Diag,E08331,,
diabetes_oral_eval,denom_excl_temp,ICD10CM-Diag,E083311,,
diabetes_oral_eval,denom_excl_temp,ICD10CM-Diag,E083312,,
diabetes_oral_eval,denom_excl_temp,ICD10CM-Diag,E083313,,
diabetes_oral_eval,denom_excl_temp,ICD10CM-Diag,E083319,,
diabetes_oral_eval,denom_excl_temp,ICD10CM-Diag,E08339,,
diabetes_oral_eval,denom_excl_temp,ICD10CM-Diag,E083391,,
diabetes_oral_eval,denom_excl_temp,ICD10CM-Diag,E083392,,
diabetes_oral_eval,denom_excl_temp,ICD10CM-Diag,E083393,,
diabetes_oral_eval,denom_excl_temp,ICD10CM-Diag,E083399,,
diabetes_oral_eval,denom_excl_temp,ICD10CM-Diag,E08341,,
diabetes_oral_eval,denom_excl_temp,ICD10CM-Diag,E083411,,
diabetes_oral_eval,denom_excl_temp,ICD10CM-Diag,E083412,,
diabetes_oral_eval,denom_excl_temp,ICD10CM-Diag,E083413,,
diabetes_oral_eval,denom_excl_temp,ICD10CM-Diag,E083419,,
diabetes_oral_eval,denom_excl_temp,ICD10CM-Diag,E08349,,
diabetes_oral_eval,denom_excl_temp,ICD10CM-Diag,E083491,,
diabetes_oral_eval,denom_excl_temp,ICD10CM-Diag,E083492,,
diabetes_oral_eval,denom_excl_temp,ICD10CM-Diag,E083493,,
diabetes_oral_eval,denom_excl_temp,ICD10CM-Diag,E083499,,
diabetes_oral_eval,denom_excl_temp,ICD10CM-Diag,E08351,,
diabetes_oral_eval,denom_excl_temp,ICD10CM-Diag,E083511,,
diabetes_oral_eval,denom_excl_temp,ICD10CM-Diag,E083512,,
diabetes_oral_eval,denom_excl_temp,ICD10CM-Diag,E083513,,
diabetes_oral_eval,denom_excl_temp,ICD10CM-Diag,E083519,,
diabetes_oral_eval,denom_excl_temp,ICD10CM-Diag,E083521,,
diabetes_oral_eval,denom_excl_temp,ICD10CM-Diag,E083522,,
diabetes_oral_eval,denom_excl_temp,ICD10CM-Diag,E083523,,
diabetes_oral_eval,denom_excl_temp,ICD10CM-Diag,E083529,,
diabetes_oral_eval,denom_excl_temp,ICD10CM-Diag,E083531,,
diabetes_oral_eval,denom_excl_temp,ICD10CM-Diag,E083532,,
diabetes_oral_eval,denom_excl_temp,ICD10CM-Diag,E083533,,
diabetes_oral_eval,denom_excl_temp,ICD10CM-Diag,E083539,,
diabetes_oral_eval,denom_excl_temp,ICD10CM-Diag,E083541,,
diabetes_oral_eval,denom_excl_temp,ICD10CM-Diag,E083542,,
diabetes_oral_eval,denom_excl_temp,ICD10CM-Diag,E083543,,
diabetes_oral_eval,denom_excl_temp,ICD10CM-Diag,E083549,,
diabetes_oral_eval,denom_excl_temp,ICD10CM-Diag,E083551,,
diabetes_oral_eval,denom_excl_temp,ICD10CM-Diag,E083552,,
diabetes_oral_eval,denom_excl_temp,ICD10CM-Diag,E083553,,
diabetes_oral_eval,denom_excl_temp,ICD10CM-Diag,E083559,,
diabetes_oral_eval,denom_excl_temp,ICD10CM-Diag,E08359,,
diabetes_oral_eval,denom_excl_temp,ICD10CM-Diag,E083591,,
diabetes_oral_eval,denom_excl_temp,ICD10CM-Diag,E083592,,
diabetes_oral_eval,denom_excl_temp,ICD10CM-Diag,E083593,,
diabetes_oral_eval,denom_excl_temp,ICD10CM-Diag,E083599,,
diabetes_oral_eval,denom_excl_temp,ICD10CM-Diag,E0836,,
diabetes_oral_eval,denom_excl_temp,ICD10CM-Diag,E0837X1,,
diabetes_oral_eval,denom_excl_temp,ICD10CM-Diag,E0837X2,,
diabetes_oral_eval,denom_excl_temp,ICD10CM-Diag,E0837X3,,
diabetes_oral_eval,denom_excl_temp,ICD10CM-Diag,E0837X9,,
diabetes_oral_eval,denom_excl_temp,ICD10CM-Diag,E0839,,
diabetes_oral_eval,denom_excl_temp,ICD10CM-Diag,E0840,,
diabetes_oral_eval,denom_excl_temp,ICD10CM-Diag,E0841,,
diabetes_oral_eval,denom_excl_temp,ICD10CM-Diag,E0842,,
diabetes_oral_eval,denom_excl_temp,ICD10CM-Diag,E0843,,
diabetes_oral_eval,denom_excl_temp,ICD10CM-Diag,E0844,,
diabetes_oral_eval,denom_excl_temp,ICD10CM-Diag,E0849,,
diabetes_oral_eval,denom_excl_temp,ICD10CM-Diag,E0851,,
diabetes_oral_eval,denom_excl_temp,ICD10CM-Diag,E0852,,
diabetes_oral_eval,denom_excl_temp,ICD10CM-Diag,E0859,,
diabetes_oral_eval,denom_excl_temp,ICD10CM-Diag,E08610,,
diabetes_oral_eval,denom_excl_temp,ICD10CM-Diag,E08618,,
diabetes_oral_eval,denom_excl_temp,ICD10CM-Diag,E08620,,
diabetes_oral_eval,denom_excl_temp,ICD10CM-Diag,E08621,,
diabetes_oral_eval,denom_excl_temp,ICD10CM-Diag,E08622,,
diabetes_oral_eval,denom_excl_temp,ICD10CM-Diag,E08628,,
diabetes_oral_eval,denom_excl_temp,ICD10CM-Diag,E08630,,
diabetes_oral_eval,denom_excl_temp,ICD10CM-Diag,E08638,,
diabetes_oral_eval,denom_excl_temp,ICD10CM-Diag,E08641,,
diabetes_oral_eval,denom_excl_temp,ICD10CM-Diag,E08649,,
diabetes_oral_eval,denom_excl_temp,ICD10CM-Diag,E0865,,
diabetes_oral_eval,denom_excl_temp,ICD10CM-Diag,E0869,,
diabetes_oral_eval,denom_excl_temp,ICD10CM-Diag,E088,,
diabetes_oral_eval,denom_excl_temp,ICD10CM-Diag,E089,,
diabetes_oral_eval,denom_excl_temp,ICD10CM-Diag,E0900,,
diabetes_oral_eval,denom_excl_temp,ICD10CM-Diag,E0901,,
diabetes_oral_eval,denom_excl_temp,ICD10CM-Diag,E0910,,
diabetes_oral_eval,denom_excl_temp,ICD10CM-Diag,E0911,,
diabetes_oral_eval,denom_excl_temp,ICD10CM-Diag,E0921,,
diabetes_oral_eval,denom_excl_temp,ICD10CM-Diag,E0922,,
diabetes_oral_eval,denom_excl_temp,ICD10CM-Diag,E0929,,
diabetes_oral_eval,denom_excl_temp,ICD10CM-Diag,E09311,,
diabetes_oral_eval,denom_excl_temp,ICD10CM-Diag,E09319,,
diabetes_oral_eval,denom_excl_temp,ICD10CM-Diag,E09321,,
diabetes_oral_eval,denom_excl_temp,ICD10CM-Diag,E093211,,
diabetes_oral_eval,denom_excl_temp,ICD10CM-Diag,E093212,,
diabetes_oral_eval,denom_excl_temp,ICD10CM-Diag,E093213,,
diabetes_oral_eval,denom_excl_temp,ICD10CM-Diag,E093219,,
diabetes_oral_eval,denom_excl_temp,ICD10CM-Diag,E09329,,
diabetes_oral_eval,denom_excl_temp,ICD10CM-Diag,E093291,,
diabetes_oral_eval,denom_excl_temp,ICD10CM-Diag,E093292,,
diabetes_oral_eval,denom_excl_temp,ICD10CM-Diag,E093293,,
diabetes_oral_eval,denom_excl_temp,ICD10CM-Diag,E093299,,
diabetes_oral_eval,denom_excl_temp,ICD10CM-Diag,E09331,,
diabetes_oral_eval,denom_excl_temp,ICD10CM-Diag,E093311,,
diabetes_oral_eval,denom_excl_temp,ICD10CM-Diag,E093312,,
diabetes_oral_eval,denom_excl_temp,ICD10CM-Diag,E093313,,
diabetes_oral_eval,denom_excl_temp,ICD10CM-Diag,E093319,,
diabetes_oral_eval,denom_excl_temp,ICD10CM-Diag,E09339,,
diabetes_oral_eval,denom_excl_temp,ICD10CM-Diag,E093391,,
diabetes_oral_eval,denom_excl_temp,ICD10CM-Diag,E093392,,
diabetes_oral_eval,denom_excl_temp,ICD10CM-Diag,E093393,,
diabetes_oral_eval,denom_excl_temp,ICD10CM-Diag,E093399,,
diabetes_oral_eval,denom_excl_temp,ICD10CM-Diag,E09341,,
diabetes_oral_eval,denom_excl_temp,ICD10CM-Diag,E093411,,
diabetes_oral_eval,denom_excl_temp,ICD10CM-Diag,E093412,,
diabetes_oral_eval,denom_excl_temp,ICD10CM-Diag,E093413,,
diabetes_oral_eval,denom_excl_temp,ICD10CM-Diag,E093419,,
diabetes_oral_eval,denom_excl_temp,ICD10CM-Diag,E09349,,
diabetes_oral_eval,denom_excl_temp,ICD10CM-Diag,E093491,,
diabetes_oral_eval,denom_excl_temp,ICD10CM-Diag,E093492,,
diabetes_oral_eval,denom_excl_temp,ICD10CM-Diag,E093493,,
diabetes_oral_eval,denom_excl_temp,ICD10CM-Diag,E093499,,
diabetes_oral_eval,denom_excl_temp,ICD10CM-Diag,E09351,,
diabetes_oral_eval,denom_excl_temp,ICD10CM-Diag,E093511,,
diabetes_oral_eval,denom_excl_temp,ICD10CM-Diag,E093512,,
diabetes_oral_eval,denom_excl_temp,ICD10CM-Diag,E093513,,
diabetes_oral_eval,denom_excl_temp,ICD10CM-Diag,E093519,,
diabetes_oral_eval,denom_excl_temp,ICD10CM-Diag,E093521,,
diabetes_oral_eval,denom_excl_temp,ICD10CM-Diag,E093522,,
diabetes_oral_eval,denom_excl_temp,ICD10CM-Diag,E093523,,
diabetes_oral_eval,denom_excl_temp,ICD10CM-Diag,E093529,,
diabetes_oral_eval,denom_excl_temp,ICD10CM-Diag,E093531,,
diabetes_oral_eval,denom_excl_temp,ICD10CM-Diag,E093532,,
diabetes_oral_eval,denom_excl_temp,ICD10CM-Diag,E093533,,
diabetes_oral_eval,denom_excl_temp,ICD10CM-Diag,E093539,,
diabetes_oral_eval,denom_excl_temp,ICD10CM-Diag,E093541,,
diabetes_oral_eval,denom_excl_temp,ICD10CM-Diag,E093542,,
diabetes_oral_eval,denom_excl_temp,ICD10CM-Diag,E093543,,
diabetes_oral_eval,denom_excl_temp,ICD10CM-Diag,E093549,,
diabetes_oral_eval,denom_excl_temp,ICD10CM-Diag,E093551,,
diabetes_oral_eval,denom_excl_temp,ICD10CM-Diag,E093552,,
diabetes_oral_eval,denom_excl_temp,ICD10CM-Diag,E093553,,
diabetes_oral_eval,denom_excl_temp,ICD10CM-Diag,E093559,,
diabetes_oral_eval,denom_excl_temp,ICD10CM-Diag,E09359,,
diabetes_oral_eval,denom_excl_temp,ICD10CM-Diag,E093591,,
diabetes_oral_eval,denom_excl_temp,ICD10CM-Diag,E093592,,
diabetes_oral_eval,denom_excl_temp,ICD10CM-Diag,E093593,,
diabetes_oral_eval,denom_excl_temp,ICD10CM-Diag,E093599,,
diabetes_oral_eval,denom_excl_temp,ICD10CM-Diag,E0936,,
diabetes_oral_eval,denom_excl_temp,ICD10CM-Diag,E0937X1,,
diabetes_oral_eval,denom_excl_temp,ICD10CM-Diag,E0937X2,,
diabetes_oral_eval,denom_excl_temp,ICD10CM-Diag,E0937X3,,
diabetes_oral_eval,denom_excl_temp,ICD10CM-Diag,E0937X9,,
diabetes_oral_eval,denom_excl_temp,ICD10CM-Diag,E0939,,
diabetes_oral_eval,denom_excl_temp,ICD10CM-Diag,E0940,,
diabetes_oral_eval,denom_excl_temp,ICD10CM-Diag,E0941,,
diabetes_oral_eval,denom_excl_temp,ICD10CM-Diag,E0942,,
diabetes_oral_eval,denom_excl_temp,ICD10CM-Diag,E0943,,
diabetes_oral_eval,denom_excl_temp,ICD10CM-Diag,E0944,,
diabetes_oral_eval,denom_excl_temp,ICD10CM-Diag,E0949,,
diabetes_oral_eval,denom_excl_temp,ICD10CM-Diag,E0951,,
diabetes_oral_eval,denom_excl_temp,ICD10CM-Diag,E0952,,
diabetes_oral_eval,denom_excl_temp,ICD10CM-Diag,E0959,,
diabetes_oral_eval,denom_excl_temp,ICD10CM-Diag,E09610,,
diabetes_oral_eval,denom_excl_temp,ICD10CM-Diag,E09618,,
diabetes_oral_eval,denom_excl_temp,ICD10CM-Diag,E09620,,
diabetes_oral_eval,denom_excl_temp,ICD10CM-Diag,E09621,,
diabetes_oral_eval,denom_excl_temp,ICD10CM-Diag,E09622,,
diabetes_oral_eval,denom_excl_temp,ICD10CM-Diag,E09628,,
diabetes_oral_eval,denom_excl_temp,ICD10CM-Diag,E09630,,
diabetes_oral_eval,denom_excl_temp,ICD10CM-Diag,E09638,,
diabetes_oral_eval,denom_excl_temp,ICD10CM-Diag,E09641,,
diabetes_oral_eval,denom_excl_temp,ICD10CM-Diag,E09649,,
diabetes_oral_eval,denom_excl_temp,ICD10CM-Diag,E0965,,
diabetes_oral_eval,denom_excl_temp,ICD10CM-Diag,E0969,,
diabetes_oral_eval,denom_excl_temp,ICD10CM-Diag,E098,,
diabetes_oral_eval,denom_excl_temp,ICD10CM-Diag,E099,,
diabetes_oral_eval,denom_excl_temp,ICD10CM-Diag,O24410,,
diabetes_oral_eval,denom_excl_temp,ICD10CM-Diag,O24414,,
diabetes_oral_eval,denom_excl_temp,ICD10CM-Diag,O24415,,
diabetes_oral_eval,denom_excl_temp,ICD10CM-Diag,O24419,,
diabetes_oral_eval,denom_excl_temp,ICD10CM-Diag,O24420,,
diabetes_oral_eval,denom_excl_temp,ICD10CM-Diag,O24424,,
diabetes_oral_eval,denom_excl_temp,ICD10CM-Diag,O24425,,
diabetes_oral_eval,denom_excl_temp,ICD10CM-Diag,O24429,,
diabetes_oral_eval,denom_excl_temp,ICD10CM-Diag,O24430,,
diabetes_oral_eval,denom_excl_temp,ICD10CM-Diag,O24434,,
diabetes_oral_eval,denom_excl_temp,ICD10CM-Diag,O24435,,
diabetes_oral_eval,denom_excl_temp,ICD10CM-Diag,O24439,,
diabetes_oral_eval,denom_excl_temp,ICD10CM-Diag,O24911,,
diabetes_oral_eval,denom_excl_temp,ICD10CM-Diag,O24912,,
diabetes_oral_eval,denom_excl_temp,ICD10CM-Diag,O24913,,
diabetes_oral_eval,denom_excl_temp,ICD10CM-Diag,O24919,,
diabetes_oral_eval,denom_excl_temp,ICD10CM-Diag,O2492,,
diabetes_oral_eval,denom_excl_temp,ICD10CM-Diag,O2493,,
diabetes_oral_eval,denom_two_visits,CPT,99304,,
diabetes_oral_eval,denom_two_visits,CPT,99305,,
diabetes_oral_eval,denom_two_visits,CPT,99306,,
diabetes_oral_eval,denom_two_visits,CPT,99307,,
diabetes_oral_eval,denom_two_visits,CPT,99308,,
diabetes_oral_eval,denom_two_visits,CPT,99309,,
diabetes_oral_eval,denom_two_visits,CPT,99310,,
diabetes_oral_eval,denom_two_visits,CPT,99315,,
diabetes_oral_eval,denom_two_visits,CPT,99316,,
diabetes_oral_eval,denom_two_visits,CPT,99318,,
diabetes_oral_eval,denom_two_visits,CPT,99324,,
diabetes_oral_eval,denom_two_visits,CPT,99325,,
diabetes_oral_eval,denom_two_visits,CPT,99326,,
diabetes_oral_eval,denom_two_visits,CPT,99327,,
diabetes_oral_eval,denom_two_visits,CPT,99328,,
diabetes_oral_eval,denom_two_visits,CPT,99334,,
diabetes_oral_eval,denom_two_visits,CPT,99335,,
diabetes_oral_eval,denom_two_visits,CPT,99336,,
diabetes_oral_eval,denom_two_visits,CPT,99337,,
diabetes_oral_eval,denom_two_visits,UBREV,0118,,
diabetes_oral_eval,denom_two_visits,UBREV,0128,,
diabetes_oral_eval,denom_two_visits,UBREV,0138,,
diabetes_oral_eval,denom_two_visits,UBREV,0148,,
diabetes_oral_eval,denom_two_visits,UBREV,0158,,
diabetes_oral_eval,denom_two_visits,UBREV,0190,,
diabetes_oral_eval,denom_two_visits,UBREV,0191,,
diabetes_oral_eval,denom_two_visits,UBREV,0192,,
diabetes_oral_eval,denom_two_visits,UBREV,0193,,
diabetes_oral_eval,denom_two_visits,UBREV,0194,,
diabetes_oral_eval,denom_two_visits,UBREV,0199,,
diabetes_oral_eval,denom_two_visits,UBREV,0524,,
diabetes_oral_eval,denom_two_visits,UBREV,0525,,
diabetes_oral_eval,denom_two_visits,UBREV,0550,,
diabetes_oral_eval,denom_two_visits,UBREV,0551,,
diabetes_oral_eval,denom_two_visits,UBREV,0552,,
diabetes_oral_eval,denom_two_visits,UBREV,0559,,
diabetes_oral_eval,denom_two_visits,UBREV,0660,,
diabetes_oral_eval,denom_two_visits,UBREV,0661,,
diabetes_oral_eval,denom_two_visits,UBREV,0662,,
diabetes_oral_eval,denom_two_visits,UBREV,0663,,
diabetes_oral_eval,denom_two_visits,UBREV,0669,,
diabetes_oral_eval,denom_two_visits,CPT,99217,,
diabetes_oral_eval,denom_two_visits,CPT,99218,,
diabetes_oral_eval,denom_two_visits,CPT,99219,,
diabetes_oral_eval,denom_two_visits,CPT,99220,,
diabetes_oral_eval,denom_two_visits,CPT,99201,,
diabetes_oral_eval,denom_two_visits,CPT,99202,,
diabetes_oral_eval,denom_two_visits,CPT,99203,,
diabetes_oral_eval,denom_two_visits,CPT,99204,,
diabetes_oral_eval,denom_two_visits,CPT,99205,,
diabetes_oral_eval,denom_two_visits,CPT,99211,,
diabetes_oral_eval,denom_two_visits,CPT,99212,,
diabetes_oral_eval,denom_two_visits,CPT,99213,,
diabetes_oral_eval,denom_two_visits,CPT,99214,,
diabetes_oral_eval,denom_two_visits,CPT,99215,,
diabetes_oral_eval,denom_two_visits,CPT,99241,,
diabetes_oral_eval,denom_two_visits,CPT,99242,,
diabetes_oral_eval,denom_two_visits,CPT,99243,,
diabetes_oral_eval,denom_two_visits,CPT,99244,,
diabetes_oral_eval,denom_two_visits,CPT,99245,,
diabetes_oral_eval,denom_two_visits,CPT,99341,,
diabetes_oral_eval,denom_two_visits,CPT,99342,,
diabetes_oral_eval,denom_two_visits,CPT,99343,,
diabetes_oral_eval,denom_two_visits,CPT,99344,,
diabetes_oral_eval,denom_two_visits,CPT,99345,,
diabetes_oral_eval,denom_two_visits,CPT,99347,,
diabetes_oral_eval,denom_two_visits,CPT,99348,,
diabetes_oral_eval,denom_two_visits,CPT,99349,,
diabetes_oral_eval,denom_two_visits,CPT,99350,,
diabetes_oral_eval,denom_two_visits,CPT,99381,,
diabetes_oral_eval,denom_two_visits,CPT,99382,,
diabetes_oral_eval,denom_two_visits,CPT,99383,,
diabetes_oral_eval,denom_two_visits,CPT,99384,,
diabetes_oral_eval,denom_two_visits,CPT,99385,,
diabetes_oral_eval,denom_two_visits,CPT,99386,,
diabetes_oral_eval,denom_two_visits,CPT,99387,,
diabetes_oral_eval,denom_two_visits,CPT,99391,,
diabetes_oral_eval,denom_two_visits,CPT,99392,,
diabetes_oral_eval,denom_two_visits,CPT,99393,,
diabetes_oral_eval,denom_two_visits,CPT,99394,,
diabetes_oral_eval,denom_two_visits,CPT,99395,,
diabetes_oral_eval,denom_two_visits,CPT,99396,,
diabetes_oral_eval,denom_two_visits,CPT,99397,,
diabetes_oral_eval,denom_two_visits,CPT,99401,,
diabetes_oral_eval,denom_two_visits,CPT,99402,,
diabetes_oral_eval,denom_two_visits,CPT,99403,,
diabetes_oral_eval,denom_two_visits,CPT,99404,,
diabetes_oral_eval,denom_two_visits,CPT,99411,,
diabetes_oral_eval,denom_two_visits,CPT,99412,,
diabetes_oral_eval,denom_two_visits,CPT,99429,,
diabetes_oral_eval,denom_two_visits,CPT,99455,,
diabetes_oral_eval,denom_two_visits,CPT,99456,,
diabetes_oral_eval,denom_two_visits,CPT,99483,,
diabetes_oral_eval,denom_two_visits,HCPCS,G0402,,
diabetes_oral_eval,denom_two_visits,HCPCS,G0438,,
diabetes_oral_eval,denom_two_visits,HCPCS,G0439,,
diabetes_oral_eval,denom_two_visits,HCPCS,G0463,,
diabetes_oral_eval,denom_two_visits,HCPCS,T1015,,
diabetes_oral_eval,denom_two_visits,UBREV,0510,,
diabetes_oral_eval,denom_two_visits,UBREV,0511,,
diabetes_oral_eval,denom_two_visits,UBREV,0512,,
diabetes_oral_eval,denom_two_visits,UBREV,0513,,
diabetes_oral_eval,denom_two_visits,UBREV,0514,,
diabetes_oral_eval,denom_two_visits,UBREV,0515,,
diabetes_oral_eval,denom_two_visits,UBREV,0516,,
diabetes_oral_eval,denom_two_visits,UBREV,0517,,
diabetes_oral_eval,denom_two_visits,UBREV,0519,,
diabetes_oral_eval,denom_two_visits,UBREV,0520,,
diabetes_oral_eval,denom_two_visits,UBREV,0521,,
diabetes_oral_eval,denom_two_visits,UBREV,0522,,
diabetes_oral_eval,denom_two_visits,UBREV,0523,,
diabetes_oral_eval,denom_two_visits,UBREV,0526,,
diabetes_oral_eval,denom_two_visits,UBREV,0527,,
diabetes_oral_eval,denom_two_visits,UBREV,0528,,
diabetes_oral_eval,denom_two_visits,UBREV,0529,,
diabetes_oral_eval,denom_two_visits,UBREV,0982,,
diabetes_oral_eval,denom_two_visits,UBREV,0983,,
